<?xml version="1.0" encoding="UTF-8"?>
<project-private xmlns="http://www.netbeans.org/ns/project-private/1">
    <editor-bookmarks xmlns="http://www.netbeans.org/ns/editor-bookmarks/2" lastBookmarkId="1">
        <file>
            <url>src/View/TelaPrincipal.java</url>
            <bookmark id="1">
                <name/>
                <line>211</line>
                <key/>
            </bookmark>
        </file>
    </editor-bookmarks>
    <open-files xmlns="http://www.netbeans.org/ns/projectui-open-files/2">
        <group>
            <file>file:/C:/Users/joaoj/OneDrive/Documentos/GitHub/trabalhofinalbald/src/View/TelaRelatorioTurma.java</file>
            <file>file:/C:/Users/joaoj/OneDrive/Documentos/GitHub/trabalhofinalbald/src/Controller/ControleRelatTurma.java</file>
        </group>
    </open-files>
</project-private>
